Latitud,Longitud,Que Hay Aqui
37.76,-1.29,Alvino Design
37.73,-2.78,Antronica Pharmaceuticals
37.97,-2.43,Arce Group
39.11,-4.62,Arocho International
36.73,-5.93,Arouri Design
40.79,-6.69,Aucter International
40.57,0.38,Babino Cosmetics
42.97,-2.87,Biollix Design
42.89,-1.59,Braxton Pharmaceuticals
43.25,-1.95,Brazeal Group
42.97,-5.86,Buchannan and Sons
37.53,-6.64,Bufton Studios
37.48,-3.40,Cake Studios
38.43,-0.40,Can Cosmetics
36.11,-5.81,Carreon Pharmaceuticals
38.87,-6.48,Catlin Studios
41.85,2.37,Cauchon Corporation
37.24,-2.57,Caveney and Sons
37.84,-1.97,Clippard Pharmaceuticals
41.54,2.30,Coatley Cosmetics
40.58,-8.21,Colby Studios
43.49,-3.82,Cooper Group
41.59,-3.62,Corrett Design
39.06,-5.67,Craker and Sons
37.47,-4.21,Cramblit International
36.73,-5.93,Damour Pharmaceuticals
38.32,-1.11,Duffey Group
37.28,-7.77,Duley and Sons
40.32,-3.77,Eastmond Cosmetics
37.70,-7.36,Eskaran International
39.95,-2.53,Flignia and Sons
40.43,-3.70,Flournay Heavy Industries
38.85,-6.59,Fontain Corporation
41.69,0.63,Forbs Cosmetics
39.01,1.43,Godinez Design
41.98,-1.66,Goodspeed Studios
37.76,-1.19,Griffin and Sons
39.67,-5.41,Groseclose Studios
42.36,-2.79,Guisti Pharmaceuticals
40.57,-1.38,Hagglund Company
37.05,-5.81,Heitner Group
42.51,-6.44,Hiday Studios
39.51,2.54,Hillwig Heavy Industries
37.97,-2.43,Hoe Studios
42.22,-0.37,Homrich Heavy Industries
37.39,-4.59,Honeyman and Sons
38.43,-0.40,Horvath Pharmaceuticals
41.07,-7.23,Ivel Group
40.32,-3.87,Joline Pharmaceuticals
40.58,-8.21,Jones International
38.09,-7.08,Kempt Group
41.59,-0.79,Khilling Heavy Industries
39.53,2.91,Kim Heavy Industries
42.16,-3.29,Kittner Cosmetics
40.27,-3.91,Kosinski Design
41.26,-5.94,Kovalcheck Studios
42.06,2.30,Kulik Company
41.27,-6.30,Kurohara Pharmaceuticals
42.82,0.36,Kurtz Studios
41.98,-1.66,Lamoine Group
37.48,-3.40,Lannon Studios
40.79,-6.69,Laramee and Sons
40.36,-3.82,Laughery Studios
42.51,-7.19,Lavery Corporation
42.97,-2.87,Leavenworth Cosmetics
41.32,-8.59,Lee Studios
41.07,-7.23,Lusco International
36.11,-5.81,Magee International
39.67,-5.41,Magpuri Pharmaceuticals
38.60,-2.18,Makowski Group
39.06,-5.67,Marker Group
39.82,-1.35,Maza and Sons
36.38,-6.02,Mazella Design
42.82,0.36,Mccarter Pharmaceuticals
41.59,-3.62,Mcgraff Group
39.64,-3.04,Meade Heavy Industries
37.84,-1.87,Meckler Corporation
39.64,-3.04,Montbriand Design
42.63,-5.64,Mooe Group
41.24,-5.88,Morano Heavy Industries
37.39,-4.59,Murphy Design
42.51,-6.44,Murton Pharmaceuticals
39.95,-2.53,Myles Pharmaceuticals
37.19,-4.20,Nishioka Group
37.73,-2.98,Niskala Cosmetics
37.19,-4.20,Nondorf Studios
38.53,-3.93,Oathout Pharmaceuticals
42.97,-5.86,Pensky Design
37.24,-2.07,Perez Cosmetics
41.27,-6.30,Perrine Design
41.78,-0.88,Phillips Studios
38.87,-6.48,Pothoven and Sons
42.97,-2.87,Pratico Design
38.55,-5.81,Puchalla and Sons
37.53,-6.64,Radin Pharmaceuticals
37.28,-7.77,Ramotar Design
38.85,-6.59,Relic Cosmetics
42.47,-2.37,Relic Cosmetics
37.47,-4.21,Riogas Design
41.85,2.37,Robinson Corporation
38.63,-0.19,Rogers Pharmaceuticals
38.98,-5.23,Ropac Group
39.82,-1.35,Ruffin International
39.82,-2.08,Schnur International
38.32,-1.21,Shackleton Pharmaceuticals
38.60,-2.18,Shackley Group
42.97,-5.86,Sheer International
37.70,-7.36,Shiiba Corporation
42.16,-3.29,Sipaia Group
41.24,-5.88,Soldavini Group
42.06,2.30,Sorenson Heavy Industries
42.52,1.49,Southcott Studios
39.53,2.91,Stapf Studios
41.26,-5.94,Stapf Studios
43.43,-5.82,Stapleton Cosmetics
39.11,-4.62,Stefanich International
41.75,-4.70,Stojanovic Heavy Industries
38.98,-5.23,Stoor Pharmaceuticals
41.07,-7.23,Sukhu Cosmetics
41.24,-5.88,Talyor Heavy Industries
43.46,-8.37,Tate International
39.09,-7.08,Thibadeau Cosmetics
36.38,-6.02,Torres Pharmaceuticals
42.47,-2.37,Trudics and Sons
42.63,-5.64,Tysarczyk Cosmetics
42.36,-2.79,Verd Group
38.07,-1.10,Walker Group
38.90,-0.58,Welch Pharmaceuticals
38.93,-9.05,Wichrowski and Sons
38.63,-0.19,Wilshusen Design
39.51,2.54,Wilson Company
42.51,-7.19,Ye Studios
38.53,-3.93,Zimmer Heavy Industries
38.90,-0.58,Zosel Cosmetics
